date/time,settlement id,type,order id,Sku,description,quantity,marketplace,account type,fulfillment,order city,order state,order postal,product sales,shipping credits,gift wrap credits,promotional rebates,Total sales tax liable(GST before adjusting TCS),TCS-CGST,TCS-SGST,TCS-IGST,TDS (Section 194-O),selling fees,fba fees,other transaction fees,other,total,Transaction Status,Transaction Release Date,Parsed Date
1 Feb 2026 12:11:51 am UTC,26452605092,Transfer,,,To account ending with: 651,,,Electronic Transactions (Credit Card/Net Banking/GC),,,,,0,0,0,0,0,0,0,0,0,0,0,0,-120.4,-120.4,Released,1 Feb 2026 12:11:51 am UTC
1 Feb 2026 9:31:23 pm UTC,26452605092,Service Fee,,,Cost of Advertising,,,Electronic Transactions (Credit Card/Net Banking/GC),,,,,0,0,0,0,0,0,0,0,0,0,0,-1484.66,-267.24,-1751.9,Released,1 Feb 2026 9:31:23 pm UTC
2 Feb 2026 2:54:38 am UTC,26512958352,Fulfilment Fee Refund,406-3867767-6174752,,Fulfillment Fee Refund,,Amazon.in,Cash On Delivery Transactions and Non-Transactional Fees,,,,,0,0,0,0,0,0,0,0,0,0,83.78,0,0,83.78,Released,9 Feb 2026 2:55:29 pm UTC
2 Feb 2026 3:09:41 am UTC,26512958352,Refund,406-3867767-6174752,APK01,TupTap Cotton Air Pillow Pack of 2 PCs Khakhi Color with air Pump | Travelling Pillow for Train  Flight and Bus | Beach & Poolside,1,amazon.in,Cash On Delivery Transactions and Non-Transactional Fees,Amazon,East karbi Anglong,ASSAM,788832,-475.24,-38.1,0,38.1,-23.76,0,0,2.38,0,29.44,0,15.34,0,-451.84,Released,9 Feb 2026 11:46:14 pm UTC
2 Feb 2026 11:39:19 am UTC,26442957732,FBA Inventory Fee,Xq1scA7670,,FBA Removal Order: Return Fee,,Amazon.in,Cash On Delivery Transactions and Non-Transactional Fees,,,,,0,0,0,0,0,0,0,0,0,0,0,0,-11.8,-11.8,Released,2 Feb 2026 11:39:19 am UTC
2 Feb 2026 12:04:34 pm UTC,26538063562,Order,405-1001000-3923559,APK01,TupTap Cotton Air Pillow Pack of 2 PCs Khakhi Color with air Pump | Travelling Pillow for Train  Flight and Bus | Beach & Poolside,1,amazon.in,Electronic Transactions (Credit Card/Net Banking/GC),Amazon,NASHIK,MAHARASHTRA,422003,475.24,38.1,0,-38.1,23.76,0,0,-2.38,0,-29.44,-120.36,-15.34,0,331.48,Released,14 Feb 2026 7:11:38 am UTC
2 Feb 2026 7:52:29 pm UTC,26579625512,Order,406-0421524-3619546,HBM-125,TupTap Human Body Structure Model 3D Puzzles  for 6+Year Old Kids  DIY Educational Science Project | Removable Organs Bones STEM  29 Piece Anatomy Fig,1,amazon.in,Cash On Delivery Transactions and Non-Transactional Fees,Amazon,udhampur,JAMMU & KASHMIR,182101,665.71,0,0,0,33.29,0,0,-3.33,0,-70.12,-120.36,-30.68,0,474.51,Released,14 Feb 2026 8:23:37 am UTC
3 Feb 2026 4:25:49 am UTC,26528260392,Order,407-1368188-5128368,CSG1,TupTap Puzzle Rainbow Counting Soft Rubber Fruit Classification Fun Pairing Children's Montessori Early Education Toys  Sorting  Gift for Toddlers Pre,1,amazon.in,Cash On Delivery Transactions and Non-Transactional Fees,Amazon,KOLKATA,WEST BENGAL,700064,760.96,38.1,0,-38.1,38.04,-1.9,-1.9,0,0,-89.57,-83.78,-30.68,0,591.17,Released,11 Feb 2026 9:35:03 pm UTC
3 Feb 2026 4:33:32 am UTC,26579625512,Order,404-5518124-7413905,APK01,TupTap Cotton Air Pillow Pack of 2 PCs Khakhi Color with air Pump | Travelling Pillow for Train  Flight and Bus | Beach & Poolside,1,amazon.in,Cash On Delivery Transactions and Non-Transactional Fees,Amazon,VIJAPURA,KARNATAKA,586109,475.24,0,0,0,23.76,0,0,-2.38,0,-29.44,-120.36,-15.34,0,331.48,Released,15 Feb 2026 7:15:35 am UTC
3 Feb 2026 9:03:19 am UTC,26528260392,Order,408-9778421-0549141,HBM-125,TupTap Human Body Structure Model 3D Puzzles  for 6+Year Old Kids  DIY Educational Science Project | Removable Organs Bones STEM  29 Piece Anatomy Fig,1,amazon.in,Cash On Delivery Transactions and Non-Transactional Fees,Amazon,SINGUR,WEST BENGAL,712407,665.72,75.24,0,-75.24,33.28,-1.66,-1.66,0,0,-70.12,-83.78,-30.68,0,511.1,Released,11 Feb 2026 5:19:34 pm UTC
3 Feb 2026 12:38:25 pm UTC,26495824682,Order,408-3356784-9168366,CSG1,TupTap Puzzle Rainbow Counting Soft Rubber Fruit Classification Fun Pairing Children's Montessori Early Education Toys  Sorting  Gift for Toddlers Pre,1,amazon.in,Electronic Transactions (Credit Card/Net Banking/GC),Amazon,KOLKATA,WEST BENGAL,700040,760.96,0,0,0,38.04,-1.9,-1.9,0,0,-89.57,-83.78,-30.68,0,591.17,Released,11 Feb 2026 7:55:01 am UTC
3 Feb 2026 7:59:58 pm UTC,26495824682,Order,403-1679640-4761108,CSG1,TupTap Puzzle Rainbow Counting Soft Rubber Fruit Classification Fun Pairing Children's Montessori Early Education Toys  Sorting  Gift for Toddlers Pre,1,amazon.in,Electronic Transactions (Credit Card/Net Banking/GC),Amazon,NEW BARRACKPUR,WEST BENGAL,700132,760.96,0,0,0,38.04,-1.9,-1.9,0,0,-89.57,-83.78,-30.68,0,591.17,Released,11 Feb 2026 5:27:11 am UTC
4 Feb 2026 3:55:56 am UTC,26482648002,Transfer,,,To account ending with: 651,,,Cash On Delivery Transactions and Non-Transactional Fees,,,,,0,0,0,0,0,0,0,0,0,0,0,0,-579.37,-579.37,Released,4 Feb 2026 3:55:56 am UTC
4 Feb 2026 11:59:23 am UTC,26565023512,Order,404-9525971-2489910,HBM-125,TupTap Human Body Structure Model 3D Puzzles  for 6+Year Old Kids  DIY Educational Science Project | Removable Organs Bones STEM  29 Piece Anatomy Fig,1,amazon.in,Cash On Delivery Transactions and Non-Transactional Fees,Amazon,BHUBANESWAR,ODISHA,751010,665.71,38.1,0,-38.1,33.29,0,0,-3.33,0,-70.12,-83.78,-30.68,0,511.09,Released,13 Feb 2026 10:49:59 pm UTC
4 Feb 2026 3:06:19 pm UTC,26586309442,Order,406-9280533-0622758,CSG1,TupTap Puzzle Rainbow Counting Soft Rubber Fruit Classification Fun Pairing Children's Montessori Early Education Toys  Sorting  Gift for Toddlers Pre,1,amazon.in,Cash On Delivery Transactions and Non-Transactional Fees,Amazon,NEW DELHI,DELHI,110017,760.95,38.1,0,-38.1,38.05,0,0,-3.8,0,-89.57,-120.36,-30.68,0,554.59,Released,16 Feb 2026 11:55:04 pm UTC
4 Feb 2026 3:24:56 pm UTC,26482648002,FBA Inventory Fee,Xq246dM711,,FBA Removal Order: Return Fee,,Amazon.in,Cash On Delivery Transactions and Non-Transactional Fees,,,,,0,0,0,0,0,0,0,0,0,0,0,0,-82.6,-82.6,Released,4 Feb 2026 3:24:56 pm UTC
4 Feb 2026 11:11:55 pm UTC,26538063562,Order,406-7024534-1589965,APK01,TupTap Cotton Air Pillow Pack of 2 PCs Khakhi Color with air Pump | Travelling Pillow for Train  Flight and Bus | Beach & Poolside,1,amazon.in,Electronic Transactions (Credit Card/Net Banking/GC),Amazon,KATIHAR,BIHAR,855102,475.24,38.1,0,-38.1,23.76,0,0,-2.38,0,-29.44,-83.78,-15.34,0,368.06,Released,16 Feb 2026 11:26:56 pm UTC
5 Feb 2026 4:49:41 am UTC,26598746222,Order,404-0141750-5302774,APK01,TupTap Cotton Air Pillow Pack of 2 PCs Khakhi Color with air Pump | Travelling Pillow for Train  Flight and Bus | Beach & Poolside,1,amazon.in,Cash On Delivery Transactions and Non-Transactional Fees,Amazon,DARSI,ANDHRA PRADESH,523247,475.24,38.1,0,-38.1,23.76,0,0,-2.38,0,-29.44,-120.36,-15.34,0,331.48,Released,18 Feb 2026 10:50:46 pm UTC
5 Feb 2026 8:31:50 am UTC,26538063562,Shipping Services,402-2505173-7067520,,Easy Ship weight handling fees,,Amazon.in,Electronic Transactions (Credit Card/Net Banking/GC),Merchant,,,,0,0,0,0,0,0,0,0,0,0,0,-100.3,0,-100.3,Released,16 Feb 2026 8:30:31 pm UTC
5 Feb 2026 8:47:04 am UTC,26538063562,Order,402-2505173-7067520,7Q-SH3C-785S,TupTap Human Body Structure Model 3D Puzzles  for 6+Year Old Kids  DIY Educational Science Project | Removable Organs Bones STEM  29 Piece Anatomy Fig,1,amazon.in,Electronic Transactions (Credit Card/Net Banking/GC),Merchant,Bengaluru,KARNATAKA,560076,665.71,0,0,0,33.29,0,0,-3.33,0,-70.12,0,-40.12,0,585.43,Released,16 Feb 2026 4:00:49 am UTC
6 Feb 2026 6:57:33 am UTC,26512958352,Transfer,,,To account ending with: 651,,,Cash On Delivery Transactions and Non-Transactional Fees,,,,,0,0,0,0,0,0,0,0,0,0,0,0,-1208.11,-1208.11,Released,6 Feb 2026 6:57:33 am UTC
6 Feb 2026 7:21:11 am UTC,26598746222,Shipping Services,403-1474910-4453955,,Easy Ship weight handling fees,,Amazon.in,Cash On Delivery Transactions and Non-Transactional Fees,Merchant,,,,0,0,0,0,0,0,0,0,0,0,0,-76.7,0,-76.7,Released,18 Feb 2026 9:35:03 pm UTC
6 Feb 2026 7:36:37 am UTC,26586309442,Order,403-1474910-4453955,CSG1H,TupTap Puzzle Rainbow Counting Soft Rubber Fruit Classification Fun Pairing Children's Montessori Early Education Toys  Sorting  Gift for Toddlers Pre,1,amazon.in,Cash On Delivery Transactions and Non-Transactional Fees,Merchant,KOHIMA,NAGALAND,797001,760.95,0,0,0,38.05,0,0,-3.8,0,-89.57,0,-40.12,0,665.51,Released,18 Feb 2026 7:05:02 am UTC
6 Feb 2026 12:31:58 pm UTC,26565422632,Order,403-9202768-6957166,APK01,TupTap Cotton Air Pillow Pack of 2 PCs Khakhi Color with air Pump | Travelling Pillow for Train  Flight and Bus | Beach & Poolside,1,amazon.in,Electronic Transactions (Credit Card/Net Banking/GC),Amazon,CALANGUTE,GOA,403516,475.24,0,0,0,23.76,0,0,-2.38,0,-29.44,-120.36,-15.34,0,331.48,Released,20 Feb 2026 12:01:32 am UTC
7 Feb 2026 1:25:49 am UTC,26512958352,FBA Inventory Fee,,,FBA storage fee,,Amazon.in,Cash On Delivery Transactions and Non-Transactional Fees,,,,,0,0,0,0,0,0,0,0,0,0,0,0,-539.93,-539.93,Released,7 Feb 2026 1:25:49 am UTC
7 Feb 2026 6:07:26 am UTC,26495824682,Debt,,,Cross-Account Debt Adjustment,,,Electronic Transactions (Credit Card/Net Banking/GC),,,,,0,0,0,0,0,0,0,0,0,0,0,0,829.25,829.25,Released,7 Feb 2026 6:07:26 am UTC
7 Feb 2026 6:07:26 am UTC,26512958352,Debt,,,Cross-Account Debt Adjustment,,,Cash On Delivery Transactions and Non-Transactional Fees,,,,,0,0,0,0,0,0,0,0,0,0,0,0,-829.25,-829.25,Released,7 Feb 2026 6:07:26 am UTC
7 Feb 2026 9:29:46 am UTC,26598746222,Shipping Services,402-3508449-0773961,,Easy Ship weight handling fees,,Amazon.in,Cash On Delivery Transactions and Non-Transactional Fees,Merchant,,,,0,0,0,0,0,0,0,0,0,0,0,-76.7,0,-76.7,Released,18 Feb 2026 7:28:02 pm UTC
7 Feb 2026 9:45:26 am UTC,26598746222,Order,402-3508449-0773961,CSG1H,TupTap Puzzle Rainbow Counting Soft Rubber Fruit Classification Fun Pairing Children's Montessori Early Education Toys  Sorting  Gift for Toddlers Pre,1,amazon.in,Cash On Delivery Transactions and Non-Transactional Fees,Merchant,Latur,MAHARASHTRA,413531,760.95,0,0,0,38.05,0,0,-3.8,0,-89.57,0,-40.12,0,665.51,Released,18 Feb 2026 11:17:40 pm UTC
7 Feb 2026 10:57:04 am UTC,26538063562,Order,407-7923174-7655544,CSG1,TupTap Puzzle Rainbow Counting Soft Rubber Fruit Classification Fun Pairing Children's Montessori Early Education Toys  Sorting  Gift for Toddlers Pre,1,amazon.in,Electronic Transactions (Credit Card/Net Banking/GC),Amazon,Chariduar,ASSAM,784103,760.95,38.1,0,-38.1,38.05,0,0,-3.8,0,-89.57,-83.78,-30.68,0,591.17,Released,18 Feb 2026 7:27:06 am UTC
8 Feb 2026 12:04:21 pm UTC,26598746222,Order,408-7538009-8670767,APK01,TupTap Cotton Air Pillow Pack of 2 PCs Khakhi Color with air Pump | Travelling Pillow for Train  Flight and Bus | Beach & Poolside,1,amazon.in,Cash On Delivery Transactions and Non-Transactional Fees,Amazon,HYDERABAD,TELANGANA,500090,475.24,38.1,0,-38.1,23.76,0,0,-2.38,0,-29.44,-120.36,-15.34,0,331.48,Released,19 Feb 2026 9:11:35 pm UTC
8 Feb 2026 9:45:44 pm UTC,26495824682,Service Fee,,,Cost of Advertising,,,Electronic Transactions (Credit Card/Net Banking/GC),,,,,0,0,0,0,0,0,0,0,0,0,0,-2008.79,-361.58,-2370.37,Released,8 Feb 2026 9:45:44 pm UTC
9 Feb 2026 10:05:53 am UTC,26538063562,Order,404-3641260-0343532,APK01,TupTap Cotton Air Pillow Pack of 2 PCs Khakhi Color with air Pump | Travelling Pillow for Train  Flight and Bus | Beach & Poolside,1,amazon.in,Electronic Transactions (Credit Card/Net Banking/GC),Amazon,MUMBAI,MAHARASHTRA,400074,475.24,0,0,0,23.76,0,0,-2.38,0,-29.44,-120.36,-15.34,0,331.48,Released,17 Feb 2026 10:47:21 pm UTC
9 Feb 2026 10:36:29 am UTC,26610588802,Order,405-5271455-9877126,APK01,TupTap Cotton Air Pillow Pack of 2 PCs Khakhi Color with air Pump | Travelling Pillow for Train  Flight and Bus | Beach & Poolside,1,amazon.in,Cash On Delivery Transactions and Non-Transactional Fees,Amazon,NANDYAL,ANDHRA PRADESH,518501,475.24,38.1,0,-38.1,23.76,0,0,-2.38,0,-29.44,-120.36,-15.34,0,331.48,Released,20 Feb 2026 7:46:21 am UTC
9 Feb 2026 3:41:03 pm UTC,26620583412,Order,408-1859948-5193909,HBM-125,TupTap Human Body Structure Model 3D Puzzles  for 6+Year Old Kids  DIY Educational Science Project | Removable Organs Bones STEM  29 Piece Anatomy Fig,1,amazon.in,Cash On Delivery Transactions and Non-Transactional Fees,Amazon,udhampur,JAMMU & KASHMIR,182101,0,0,0,0,0,0,0,0,0,0,-120.36,0,0,-120.36,Released,21 Feb 2026 7:14:03 am UTC
9 Feb 2026 7:56:01 pm UTC,26632871082,Order,171-1874389-4061964,HBM-125,TupTap Human Body Structure Model 3D Puzzles  for 6+Year Old Kids  DIY Educational Science Project | Removable Organs Bones STEM  29 Piece Anatomy Fig,1,amazon.in,Cash On Delivery Transactions and Non-Transactional Fees,Amazon,SRINAGAR,JAMMU & KASHMIR,190006,665.71,38.1,0,-38.1,33.29,0,0,-3.33,0,-70.12,-120.36,-30.68,0,474.51,Released,25 Feb 2026 11:56:50 pm UTC
10 Feb 2026 5:56:11 am UTC,26512958352,FBA Inventory Fee,,,FBA Inbound Pickup Service,,Amazon.in,Cash On Delivery Transactions and Non-Transactional Fees,,,,,0,0,0,0,0,0,0,0,0,0,0,0,-311.52,-311.52,Released,10 Feb 2026 5:56:11 am UTC
10 Feb 2026 6:02:12 am UTC,26598746222,Shipping Services,402-3508449-0773961,,Amazon Easy Ship Weight Handling Fee Reversal,,Amazon.in,Cash On Delivery Transactions and Non-Transactional Fees,,,,,0,0,0,0,0,0,0,0,0,0,0,76.7,0,76.7,Released,18 Feb 2026 6:58:58 pm UTC
10 Feb 2026 6:17:15 am UTC,26598746222,Refund,402-3508449-0773961,CSG1H,TupTap Puzzle Rainbow Counting Soft Rubber Fruit Classification Fun Pairing Children's Montessori Early Education Toys  Sorting  Gift for Toddlers Pre,1,amazon.in,Cash On Delivery Transactions and Non-Transactional Fees,Merchant,Latur,MAHARASHTRA,413531,-760.95,0,0,0,-38.05,0,0,3.8,0,89.57,0,40.12,0,-665.51,Released,18 Feb 2026 10:32:46 pm UTC
10 Feb 2026 7:04:39 am UTC,26608907422,Shipping Services,408-3395266-6389112,,Easy Ship weight handling fees,,Amazon.in,Electronic Transactions (Credit Card/Net Banking/GC),Merchant,,,,0,0,0,0,0,0,0,0,0,0,0,-100.3,0,-100.3,Released,21 Feb 2026 6:51:26 pm UTC
10 Feb 2026 7:04:41 am UTC,26632871082,Shipping Services,407-2350138-9852301,,Easy Ship weight handling fees,,Amazon.in,Cash On Delivery Transactions and Non-Transactional Fees,Merchant,,,,0,0,0,0,0,0,0,0,0,0,0,-76.7,0,-76.7,Released,24 Feb 2026 6:49:06 pm UTC
10 Feb 2026 7:20:52 am UTC,26620583412,Order,407-2350138-9852301,CSG1H,TupTap Puzzle Rainbow Counting Soft Rubber Fruit Classification Fun Pairing Children's Montessori Early Education Toys  Sorting  Gift for Toddlers Pre,1,amazon.in,Cash On Delivery Transactions and Non-Transactional Fees,Merchant,AHMEDABAD,GUJARAT,380006,760.95,0,0,0,38.05,0,0,-3.8,0,-89.57,0,-40.12,0,665.51,Released,22 Feb 2026 7:53:52 am UTC
10 Feb 2026 7:21:07 am UTC,26608907422,Order,408-3395266-6389112,7Q-SH3C-785S,TupTap Human Body Structure Model 3D Puzzles  for 6+Year Old Kids  DIY Educational Science Project | Removable Organs Bones STEM  29 Piece Anatomy Fig,1,amazon.in,Electronic Transactions (Credit Card/Net Banking/GC),Merchant,NIZ HAJO,ASSAM,781104,665.71,0,0,0,33.29,0,0,-3.33,0,-70.12,0,-40.12,0,585.43,Released,21 Feb 2026 12:32:11 pm UTC
11 Feb 2026 12:36:36 am UTC,26632871082,Fulfilment Fee Refund,171-1874389-4061964,,Fulfillment Fee Refund,,Amazon.in,Cash On Delivery Transactions and Non-Transactional Fees,,,,,0,0,0,0,0,0,0,0,0,0,120.36,0,0,120.36,Released,25 Feb 2026 2:56:38 pm UTC
11 Feb 2026 12:52:21 am UTC,26632871082,Refund,171-1874389-4061964,HBM-125,TupTap Human Body Structure Model 3D Puzzles  for 6+Year Old Kids  DIY Educational Science Project | Removable Organs Bones STEM  29 Piece Anatomy Fig,1,amazon.in,Cash On Delivery Transactions and Non-Transactional Fees,Amazon,SRINAGAR,JAMMU & KASHMIR,190006,-665.71,-38.1,0,38.1,-33.29,0,0,3.33,0,70.12,0,30.68,0,-594.87,Released,25 Feb 2026 11:37:34 pm UTC
11 Feb 2026 7:48:54 am UTC,26565422632,Order,406-4991960-4896321,CSG1,TupTap Puzzle Rainbow Counting Soft Rubber Fruit Classification Fun Pairing Children's Montessori Early Education Toys  Sorting  Gift for Toddlers Pre,1,amazon.in,Electronic Transactions (Credit Card/Net Banking/GC),Amazon,chennai,TAMIL NADU,600086,760.95,0,0,0,38.05,0,0,-3.8,0,-89.57,-120.36,-30.68,0,554.59,Released,19 Feb 2026 11:42:35 pm UTC
11 Feb 2026 10:51:02 am UTC,26620542352,Order,404-5625969-8429133,CSG1,TupTap Puzzle Rainbow Counting Soft Rubber Fruit Classification Fun Pairing Children's Montessori Early Education Toys  Sorting  Gift for Toddlers Pre,1,amazon.in,Electronic Transactions (Credit Card/Net Banking/GC),Amazon,THIRUVANANTHAPURAM,KERALA,695005,760.95,0,0,0,38.05,0,0,-3.8,0,-89.57,-120.36,-30.68,0,554.59,Released,23 Feb 2026 11:46:40 pm UTC
12 Feb 2026 2:32:22 am UTC,26528260392,Transfer,,,To account ending with: 651,,,Cash On Delivery Transactions and Non-Transactional Fees,,,,,0,0,0,0,0,0,0,0,0,0,0,0,-1014.54,-1014.54,Released,12 Feb 2026 2:32:22 am UTC
12 Feb 2026 2:38:50 am UTC,26538063562,Transfer,,,To account ending with: 651,,,Electronic Transactions (Credit Card/Net Banking/GC),,,,,0,0,0,0,0,0,0,0,0,0,0,0,-479.44,-479.44,Released,12 Feb 2026 2:38:50 am UTC
12 Feb 2026 7:12:15 am UTC,26632871082,Shipping Services,406-3966636-9341139,,Easy Ship weight handling fees,,Amazon.in,Cash On Delivery Transactions and Non-Transactional Fees,Merchant,,,,0,0,0,0,0,0,0,0,0,0,0,-100.3,0,-100.3,Released,24 Feb 2026 10:38:38 pm UTC
12 Feb 2026 7:27:54 am UTC,26627204482,Order,406-3966636-9341139,7Q-SH3C-785S,TupTap Human Body Structure Model 3D Puzzles  for 6+Year Old Kids  DIY Educational Science Project | Removable Organs Bones STEM  29 Piece Anatomy Fig,1,amazon.in,Cash On Delivery Transactions and Non-Transactional Fees,Merchant,BENGALURU,KARNATAKA,562125,665.71,0,0,0,33.29,0,0,-3.33,0,-70.12,0,-40.12,0,585.43,Released,23 Feb 2026 10:09:00 pm UTC
13 Feb 2026 12:04:41 am UTC,26608907422,Order,407-1225982-6809933,HBM-125,TupTap Human Body Structure Model 3D Puzzles  for 6+Year Old Kids  DIY Educational Science Project | Removable Organs Bones STEM  29 Piece Anatomy Fig,1,amazon.in,Electronic Transactions (Credit Card/Net Banking/GC),Amazon,BHUBANESWAR,ODISHA,751021,665.71,0,0,0,33.29,0,0,-3.33,0,-70.12,-83.78,-30.68,0,511.09,Released,21 Feb 2026 8:39:42 pm UTC
13 Feb 2026 6:12:39 am UTC,26646080472,Order,402-5989617-2368313,APK01,TupTap Cotton Air Pillow Pack of 2 PCs Khakhi Color with air Pump | Travelling Pillow for Train  Flight and Bus | Beach & Poolside,1,amazon.in,Cash On Delivery Transactions and Non-Transactional Fees,Amazon,DHANDHUKA,GUJARAT,382460,475.24,38.1,0,-38.1,23.76,0,0,-2.38,0,-29.44,-120.36,-15.34,0,331.48,Released,28 Feb 2026 9:26:52 pm UTC
13 Feb 2026 8:24:42 am UTC,26620583412,Order,406-8681812-7774753,APK01,TupTap Cotton Air Pillow Pack of 2 PCs Khakhi Color with air Pump | Travelling Pillow for Train  Flight and Bus | Beach & Poolside,1,amazon.in,Cash On Delivery Transactions and Non-Transactional Fees,Amazon,MUMBAI,MAHARASHTRA,400074,0,0,0,0,0,0,0,0,0,0,-120.36,0,0,-120.36,Released,21 Feb 2026 10:51:41 pm UTC
13 Feb 2026 10:55:12 pm UTC,26565023512,Transfer,,,To account ending with: 651,,,Cash On Delivery Transactions and Non-Transactional Fees,,,,,0,0,0,0,0,0,0,0,0,0,0,0,-1102.27,-1102.27,Released,13 Feb 2026 10:55:12 pm UTC
14 Feb 2026 6:52:21 am UTC,26632871082,Shipping Services,406-2690136-7691517,,Easy Ship weight handling fees,,Amazon.in,Cash On Delivery Transactions and Non-Transactional Fees,Merchant,,,,0,0,0,0,0,0,0,0,0,0,0,-76.7,0,-76.7,Released,26 Feb 2026 6:56:30 pm UTC
14 Feb 2026 7:07:47 am UTC,26632871082,Order,406-2690136-7691517,CSG1H,TupTap Puzzle Rainbow Counting Soft Rubber Fruit Classification Fun Pairing Children's Montessori Early Education Toys  Sorting  Gift for Toddlers Pre,1,amazon.in,Cash On Delivery Transactions and Non-Transactional Fees,Merchant,Ludhiana,PUNJAB,142022,760.95,0,0,0,38.05,0,0,-3.8,0,-89.57,0,-40.12,0,665.51,Released,25 Feb 2026 10:06:55 pm UTC
15 Feb 2026 1:01:16 am UTC,26579625512,Transfer,,,To account ending with: 651,,,Cash On Delivery Transactions and Non-Transactional Fees,,,,,0,0,0,0,0,0,0,0,0,0,0,0,-511.09,-511.09,Released,15 Feb 2026 1:01:16 am UTC
15 Feb 2026 8:29:55 am UTC,26620542352,Order,403-7959879-2092338,HBM-125,TupTap Human Body Structure Model 3D Puzzles  for 6+Year Old Kids  DIY Educational Science Project | Removable Organs Bones STEM  29 Piece Anatomy Fig,1,amazon.in,Electronic Transactions (Credit Card/Net Banking/GC),Amazon,Surat,Gujarat,395005,665.71,38.1,0,-38.1,33.29,0,0,-3.33,0,-70.12,-120.36,-30.68,0,474.51,Released,28 Feb 2026 4:29:51 am UTC
15 Feb 2026 3:37:42 pm UTC,26538063562,Service Fee,,,Cost of Advertising,,,Electronic Transactions (Credit Card/Net Banking/GC),,,,,0,0,0,0,0,0,0,0,0,0,0,-2013.1,-362.36,-2375.46,Released,15 Feb 2026 3:37:42 pm UTC
16 Feb 2026 7:24:11 am UTC,26620542352,Shipping Services,407-3766434-1623519,,Easy Ship weight handling fees,,Amazon.in,Electronic Transactions (Credit Card/Net Banking/GC),Merchant,,,,0,0,0,0,0,0,0,0,0,0,0,-76.7,0,-76.7,Released,28 Feb 2026 10:53:29 pm UTC
16 Feb 2026 7:39:56 am UTC,26620542352,Order,407-3766434-1623519,CSG1H,TupTap Puzzle Rainbow Counting Soft Rubber Fruit Classification Fun Pairing Children's Montessori Early Education Toys  Sorting  Gift for Toddlers Pre,1,amazon.in,Electronic Transactions (Credit Card/Net Banking/GC),Merchant,HINGANGHAT,MAHARASHTRA,442301,760.95,0,0,0,38.05,0,0,-3.8,0,-89.57,0,-40.12,0,665.51,Released,28 Feb 2026 6:54:39 am UTC
16 Feb 2026 12:29:34 pm UTC,26620542352,Order,407-9619369-4943547,CSG1,TupTap Puzzle Rainbow Counting Soft Rubber Fruit Classification Fun Pairing Children's Montessori Early Education Toys  Sorting  Gift for Toddlers Pre,1,amazon.in,Electronic Transactions (Credit Card/Net Banking/GC),Amazon,BENGALURU,KARNATAKA,560085,760.95,0,0,0,38.05,0,0,-3.8,0,-89.57,-120.36,-30.68,0,554.59,Released,27 Feb 2026 4:58:59 pm UTC
16 Feb 2026 10:07:23 pm UTC,26632589232,Order,407-5523740-2458738,APK01,TupTap Cotton Air Pillow Pack of 2 PCs Khakhi Color with air Pump | Travelling Pillow for Train  Flight and Bus | Beach & Poolside,1,amazon.in,Electronic Transactions (Credit Card/Net Banking/GC),Amazon,Puthanathani,KERALA,676301,475.24,38.1,0,-38.1,23.76,0,0,-2.38,0,-29.44,-120.36,-15.34,0,331.48,Released,1 Mar 2026 2:33:00 pm UTC
17 Feb 2026 8:54:56 am UTC,26620542352,Shipping Services,408-2260016-2939567,,Easy Ship weight handling fees,,Amazon.in,Electronic Transactions (Credit Card/Net Banking/GC),Merchant,,,,0,0,0,0,0,0,0,0,0,0,0,-76.7,0,-76.7,Released,28 Feb 2026 11:21:49 pm UTC
17 Feb 2026 9:09:51 am UTC,26620542352,Order,408-2260016-2939567,CSG1H,TupTap Puzzle Rainbow Counting Soft Rubber Fruit Classification Fun Pairing Children's Montessori Early Education Toys  Sorting  Gift for Toddlers Pre,1,amazon.in,Electronic Transactions (Credit Card/Net Banking/GC),Merchant,new delhi,delhi,110075,760.95,0,0,0,38.05,0,0,-3.8,0,-89.57,0,-40.12,0,665.51,Released,28 Feb 2026 6:03:24 am UTC
17 Feb 2026 10:12:20 am UTC,26586309442,Transfer,,,To account ending with: 651,,,Cash On Delivery Transactions and Non-Transactional Fees,,,,,0,0,0,0,0,0,0,0,0,0,0,0,-805.99,-805.99,Released,17 Feb 2026 10:12:20 am UTC
18 Feb 2026 2:38:35 am UTC,26586309442,Adjustment,408-4460282-7361125,APK01,FBA Inventory Reimbursement - Customer Return,1,,Cash On Delivery Transactions and Non-Transactional Fees,,,,,0,0,0,0,0,0,0,0,0,0,0,0,274.76,274.76,Released,18 Feb 2026 2:38:35 am UTC
18 Feb 2026 5:48:42 am UTC,26663389552,Order,408-5562513-5241159,CSG1,TupTap Puzzle Rainbow Counting Soft Rubber Fruit Classification Fun Pairing Children's Montessori Early Education Toys  Sorting  Gift for Toddlers Pre,1,amazon.in,Cash On Delivery Transactions and Non-Transactional Fees,Amazon,DHOLKA,GUJARAT,382225,760.95,38.1,0,-38.1,38.05,0,0,-3.8,0,-89.57,-120.36,-30.68,0,554.59,Released,3 Mar 2026 4:51:24 am UTC
18 Feb 2026 8:25:33 am UTC,26565422632,Debt,,,Cross-Account Debt Adjustment,,,Electronic Transactions (Credit Card/Net Banking/GC),,,,,0,0,0,0,0,0,0,0,0,0,0,0,268.14,268.14,Released,18 Feb 2026 8:25:33 am UTC
18 Feb 2026 8:25:33 am UTC,26586309442,Debt,,,Cross-Account Debt Adjustment,,,Cash On Delivery Transactions and Non-Transactional Fees,,,,,0,0,0,0,0,0,0,0,0,0,0,0,-268.14,-268.14,Released,18 Feb 2026 8:25:33 am UTC
18 Feb 2026 8:32:06 am UTC,26586309442,Service Fee,,,Subscription,,Amazon.in,Cash On Delivery Transactions and Non-Transactional Fees,,,,,0,0,0,0,0,0,0,0,0,0,0,0,0,0,Released,18 Feb 2026 8:32:06 am UTC
18 Feb 2026 9:45:55 am UTC,26663389552,Shipping Services,405-4788247-8031528,,Easy Ship weight handling fees,,Amazon.in,Cash On Delivery Transactions and Non-Transactional Fees,Merchant,,,,0,0,0,0,0,0,0,0,0,0,0,-76.7,0,-76.7,Released,2 Mar 2026 10:10:19 pm UTC
18 Feb 2026 10:01:21 am UTC,26663389552,Order,405-4788247-8031528,CSG1H,TupTap Puzzle Rainbow Counting Soft Rubber Fruit Classification Fun Pairing Children's Montessori Early Education Toys  Sorting  Gift for Toddlers Pre,1,amazon.in,Cash On Delivery Transactions and Non-Transactional Fees,Merchant,OTHAKADAI,TAMIL NADU,625107,760.95,0,0,0,38.05,0,0,-3.8,0,-89.57,0,-40.12,0,665.51,Released,2 Mar 2026 6:51:05 pm UTC
19 Feb 2026 5:08:54 am UTC,26598746222,Transfer,,,To account ending with: 651,,,Cash On Delivery Transactions and Non-Transactional Fees,,,,,0,0,0,0,0,0,0,0,0,0,0,0,-1226.72,-1226.72,Released,19 Feb 2026 5:08:54 am UTC
19 Feb 2026 7:54:22 am UTC,26620542352,Order,404-0787746-7073137,CSG1,TupTap Puzzle Rainbow Counting Soft Rubber Fruit Classification Fun Pairing Children's Montessori Early Education Toys  Sorting  Gift for Toddlers Pre,1,amazon.in,Electronic Transactions (Credit Card/Net Banking/GC),Amazon,KOLKATA,WEST BENGAL,700009,760.96,0,0,0,38.04,-1.9,-1.9,0,0,-89.57,-83.78,-30.68,0,591.17,Released,26 Feb 2026 9:26:56 pm UTC
19 Feb 2026 7:57:58 am UTC,26632589232,Shipping Services,171-1889542-5452356,,Easy Ship weight handling fees,,Amazon.in,Electronic Transactions (Credit Card/Net Banking/GC),Merchant,,,,0,0,0,0,0,0,0,0,0,0,0,-76.7,0,-76.7,Released,2 Mar 2026 10:28:59 pm UTC
19 Feb 2026 8:13:47 am UTC,26632589232,Order,171-1889542-5452356,CSG1H,TupTap Puzzle Rainbow Counting Soft Rubber Fruit Classification Fun Pairing Children's Montessori Early Education Toys  Sorting  Gift for Toddlers Pre,1,amazon.in,Electronic Transactions (Credit Card/Net Banking/GC),Merchant,Bidar,Karnatka,585403,760.95,0,0,0,38.05,0,0,-3.8,0,-89.57,0,-40.12,0,665.51,Released,3 Mar 2026 12:17:11 am UTC
20 Feb 2026 6:38:12 am UTC,26620542352,Order,406-8690564-3949912,CSG1,TupTap Puzzle Rainbow Counting Soft Rubber Fruit Classification Fun Pairing Children's Montessori Early Education Toys  Sorting  Gift for Toddlers Pre,1,amazon.in,Electronic Transactions (Credit Card/Net Banking/GC),Amazon,BENGALURU,KARNATAKA,560035,760.95,0,0,0,38.05,0,0,-3.8,0,-89.57,-120.36,-30.68,0,554.59,Released,28 Feb 2026 9:31:44 pm UTC
20 Feb 2026 8:47:23 pm UTC,26610588802,Transfer,,,To account ending with: 651,,,Cash On Delivery Transactions and Non-Transactional Fees,,,,,0,0,0,0,0,0,0,0,0,0,0,0,-586.26,-586.26,Released,20 Feb 2026 8:47:23 pm UTC
20 Feb 2026 8:47:46 pm UTC,26608907422,Transfer,,,To account ending with: 651,,,Electronic Transactions (Credit Card/Net Banking/GC),,,,,0,0,0,0,0,0,0,0,0,0,0,0,-886.07,-886.07,Released,20 Feb 2026 8:47:46 pm UTC
20 Feb 2026 10:26:29 pm UTC,26646080472,Order,405-0008541-6995528,HBM-125,TupTap Human Body Structure Model 3D Puzzles  for 6+Year Old Kids  DIY Educational Science Project | Removable Organs Bones STEM  29 Piece Anatomy Fig,1,amazon.in,Cash On Delivery Transactions and Non-Transactional Fees,Amazon,BIHARSHARIF,BIHAR,803101,665.71,38.1,0,-38.1,33.29,0,0,-3.33,0,-70.12,-83.78,-30.68,0,511.09,Released,2 Mar 2026 4:46:21 am UTC
21 Feb 2026 4:17:11 am UTC,26674646932,Order,402-3807707-9286740,CSG1,TupTap Puzzle Rainbow Counting Soft Rubber Fruit Classification Fun Pairing Children's Montessori Early Education Toys  Sorting  Gift for Toddlers Pre,1,amazon.in,Electronic Transactions (Credit Card/Net Banking/GC),Amazon,BARJALA  AGARTALA,TRIPURA,799002,760.95,0,0,0,38.05,0,0,-3.8,0,-89.57,-83.78,-30.68,0,591.17,Released,5 Mar 2026 5:23:39 am UTC
21 Feb 2026 4:32:05 am UTC,26632589232,Order,405-1621018-7181128,APK01,TupTap Cotton Air Pillow Pack of 2 PCs Khakhi Color with air Pump | Travelling Pillow for Train  Flight and Bus | Beach & Poolside,1,amazon.in,Electronic Transactions (Credit Card/Net Banking/GC),Amazon,Ranchi,JHARKHAND,834002,475.24,0,0,0,23.76,0,0,-2.38,0,-29.44,-83.78,-15.34,0,368.06,Released,1 Mar 2026 10:02:55 pm UTC
21 Feb 2026 6:49:46 am UTC,26704787232,Shipping Services,171-8790601-3369163,,Easy Ship weight handling fees,,Amazon.in,Electronic Transactions (Credit Card/Net Banking/GC),Merchant,,,,0,0,0,0,0,0,0,0,0,0,0,-76.7,0,-76.7,Released,8 Mar 2026 8:18:03 pm UTC
21 Feb 2026 7:05:08 am UTC,26691968092,Order,171-8790601-3369163,CSG1H,TupTap Puzzle Rainbow Counting Soft Rubber Fruit Classification Fun Pairing Children's Montessori Early Education Toys  Sorting  Gift for Toddlers Pre,1,amazon.in,Electronic Transactions (Credit Card/Net Banking/GC),Merchant,Navsari,GUJARAT,396430,760.95,0,0,0,38.05,0,0,-3.8,0,-89.57,0,-40.12,0,665.51,Released,6 Mar 2026 4:19:38 pm UTC
21 Feb 2026 5:33:02 pm UTC,26688151922,Order,408-3280424-3377946,CSG1,TupTap Puzzle Rainbow Counting Soft Rubber Fruit Classification Fun Pairing Children's Montessori Early Education Toys  Sorting  Gift for Toddlers Pre,1,amazon.in,Cash On Delivery Transactions and Non-Transactional Fees,Amazon,JODHPUR,RAJASTHAN,342003,760.95,0,0,0,38.05,0,0,-3.8,0,-89.57,-120.36,-30.68,0,554.59,Released,6 Mar 2026 5:39:40 am UTC
21 Feb 2026 10:11:01 pm UTC,26691968092,Order,171-0716479-8719543,APK01,TupTap Cotton Air Pillow Pack of 2 PCs Khakhi Color with air Pump | Travelling Pillow for Train  Flight and Bus | Beach & Poolside,1,amazon.in,Electronic Transactions (Credit Card/Net Banking/GC),Amazon,WALUJ MIDC,MAHARASHTRA,431136,475.24,38.1,0,-38.1,23.76,0,0,-2.38,0,-29.44,-120.36,-15.34,0,331.48,Released,6 Mar 2026 8:34:15 pm UTC
21 Feb 2026 10:32:01 pm UTC,26681311032,Order,403-0049290-6290710,CSG1,TupTap Puzzle Rainbow Counting Soft Rubber Fruit Classification Fun Pairing Children's Montessori Early Education Toys  Sorting  Gift for Toddlers Pre,1,amazon.in,Cash On Delivery Transactions and Non-Transactional Fees,Amazon,CHENNAI,TAMIL NADU,600015,760.95,0,0,0,38.05,0,0,-3.8,0,-89.57,-120.36,-30.68,0,554.59,Released,4 Mar 2026 5:54:30 am UTC
22 Feb 2026 3:29:40 am UTC,26646080472,Fulfilment Fee Refund,402-5989617-2368313,,Fulfillment Fee Refund,,Amazon.in,Cash On Delivery Transactions and Non-Transactional Fees,,,,,0,0,0,0,0,0,0,0,0,0,120.36,0,0,120.36,Released,28 Feb 2026 2:52:25 pm UTC
22 Feb 2026 3:45:30 am UTC,26646080472,Refund,402-5989617-2368313,APK01,TupTap Cotton Air Pillow Pack of 2 PCs Khakhi Color with air Pump | Travelling Pillow for Train  Flight and Bus | Beach & Poolside,1,amazon.in,Cash On Delivery Transactions and Non-Transactional Fees,Amazon,DHANDHUKA,GUJARAT,382460,-475.24,-38.1,0,38.1,-23.76,0,0,2.38,0,29.44,0,15.34,0,-451.84,Released,28 Feb 2026 2:48:48 pm UTC
22 Feb 2026 5:10:51 am UTC,26620583412,Transfer,,,To account ending with: 651,,,Cash On Delivery Transactions and Non-Transactional Fees,,,,,0,0,0,0,0,0,0,0,0,0,0,0,-331.48,-331.48,Released,22 Feb 2026 5:10:51 am UTC
22 Feb 2026 5:47:32 am UTC,26632589232,Order,402-2193826-2617941,CSG1,TupTap Puzzle Rainbow Counting Soft Rubber Fruit Classification Fun Pairing Children's Montessori Early Education Toys  Sorting  Gift for Toddlers Pre,1,amazon.in,Electronic Transactions (Credit Card/Net Banking/GC),Amazon,FARAKKA BARRAGE TOWNSHIP,WEST BENGAL,742202,760.96,38.1,0,-38.1,38.04,-1.9,-1.9,0,0,-89.57,-83.78,-30.68,0,591.17,Released,3 Mar 2026 8:52:02 pm UTC
22 Feb 2026 3:17:48 pm UTC,26632589232,Order,404-6605477-9408343,CSG1,TupTap Puzzle Rainbow Counting Soft Rubber Fruit Classification Fun Pairing Children's Montessori Early Education Toys  Sorting  Gift for Toddlers Pre,1,amazon.in,Electronic Transactions (Credit Card/Net Banking/GC),Amazon,DIBRUGARH,ASSAM,786001,760.95,0,0,0,38.05,0,0,-3.8,0,-89.57,-83.78,-30.68,0,591.17,Released,2 Mar 2026 9:36:54 pm UTC
22 Feb 2026 7:53:11 pm UTC,26620542352,Service Fee,,,Cost of Advertising,,,Electronic Transactions (Credit Card/Net Banking/GC),,,,,0,0,0,0,0,0,0,0,0,0,0,-2001.7,-360.31,-2362.01,Released,22 Feb 2026 7:53:11 pm UTC
23 Feb 2026 4:01:26 am UTC,26620542352,Transfer,,,To account ending with: 651,,,Electronic Transactions (Credit Card/Net Banking/GC),,,,,0,0,0,0,0,0,0,0,0,0,0,0,-996.22,-996.22,Released,23 Feb 2026 4:01:26 am UTC
23 Feb 2026 4:04:14 am UTC,26627204482,Transfer,,,To account ending with: 651,,,Cash On Delivery Transactions and Non-Transactional Fees,,,,,0,0,0,0,0,0,0,0,0,0,0,0,-424.79,-424.79,Released,23 Feb 2026 4:04:14 am UTC
23 Feb 2026 6:52:01 am UTC,26688151922,Order,408-6959230-5415524,APK01,TupTap Cotton Air Pillow Pack of 2 PCs Khakhi Color with air Pump | Travelling Pillow for Train  Flight and Bus | Beach & Poolside,1,amazon.in,Cash On Delivery Transactions and Non-Transactional Fees,Amazon,GWALIOR,MADHYA PRADESH,474001,475.24,38.1,0,-38.1,23.76,0,0,-2.38,0,-29.44,-120.36,-15.34,0,331.48,Released,7 Mar 2026 2:54:28 pm UTC
23 Feb 2026 6:06:38 pm UTC,26632589232,Order,404-6690382-5998769,APK01,TupTap Cotton Air Pillow Pack of 2 PCs Khakhi Color with air Pump | Travelling Pillow for Train  Flight and Bus | Beach & Poolside,1,amazon.in,Electronic Transactions (Credit Card/Net Banking/GC),Amazon,Kolkata,WEST BENGAL,700061,475.24,0,0,0,23.76,-1.19,-1.19,0,0,-29.44,-83.78,-15.34,0,368.06,Released,3 Mar 2026 3:56:04 am UTC
24 Feb 2026 8:14:15 am UTC,26691968092,Shipping Services,402-3090508-6313965,,Easy Ship weight handling fees,,Amazon.in,Electronic Transactions (Credit Card/Net Banking/GC),Merchant,,,,0,0,0,0,0,0,0,0,0,0,0,-76.7,0,-76.7,Released,7 Mar 2026 8:46:38 pm UTC
24 Feb 2026 8:30:38 am UTC,26691968092,Order,402-3090508-6313965,CSG1H,TupTap Puzzle Rainbow Counting Soft Rubber Fruit Classification Fun Pairing Children's Montessori Early Education Toys  Sorting  Gift for Toddlers Pre,1,amazon.in,Electronic Transactions (Credit Card/Net Banking/GC),Merchant,GURUGRAM,HARYANA,122002,856.19,0,0,0,42.81,0,0,-4.28,0,-100.78,0,-40.12,0,753.82,Released,7 Mar 2026 4:26:21 am UTC
24 Feb 2026 8:08:13 pm UTC,26663389552,Shipping Services,405-4788247-8031528,,Amazon Easy Ship Weight Handling Fee Reversal,,Amazon.in,Cash On Delivery Transactions and Non-Transactional Fees,,,,,0,0,0,0,0,0,0,0,0,0,0,76.7,0,76.7,Released,2 Mar 2026 6:55:55 pm UTC
24 Feb 2026 8:22:41 pm UTC,26663389552,Refund,405-4788247-8031528,CSG1H,TupTap Puzzle Rainbow Counting Soft Rubber Fruit Classification Fun Pairing Children's Montessori Early Education Toys  Sorting  Gift for Toddlers Pre,1,amazon.in,Cash On Delivery Transactions and Non-Transactional Fees,Merchant,OTHAKADAI,TAMIL NADU,625107,-760.95,0,0,0,-38.05,0,0,3.8,0,89.57,0,40.12,0,-665.51,Released,2 Mar 2026 6:48:20 pm UTC
24 Feb 2026 10:23:14 pm UTC,26691968092,Order,402-0823468-2772367,CSG1,TupTap Puzzle Rainbow Counting Soft Rubber Fruit Classification Fun Pairing Children's Montessori Early Education Toys  Sorting  Gift for Toddlers Pre,1,amazon.in,Electronic Transactions (Credit Card/Net Banking/GC),Amazon,DEHRADUN,UTTARAKHAND,248001,856.19,0,0,0,42.81,0,0,-4.28,0,-100.78,-120.36,-30.68,0,642.9,Released,8 Mar 2026 6:03:42 am UTC
25 Feb 2026 6:10:40 am UTC,26704712002,Order,408-0251952-0584378,HBM-125,TupTap Human Body Structure Model 3D Puzzles  for 6+Year Old Kids  DIY Educational Science Project | Removable Organs Bones STEM  29 Piece Anatomy Fig,1,amazon.in,Cash On Delivery Transactions and Non-Transactional Fees,Amazon,Surat,Gujarat,395005,0,0,0,0,0,0,0,0,0,0,-120.36,0,0,-120.36,Released,10 Mar 2026 4:23:04 am UTC
25 Feb 2026 6:15:35 am UTC,26632871082,Transfer,,,To account ending with: 651,,,Cash On Delivery Transactions and Non-Transactional Fees,,,,,0,0,0,0,0,0,0,0,0,0,0,0,-585.43,-585.43,Released,25 Feb 2026 6:15:35 am UTC
25 Feb 2026 9:25:10 am UTC,26674646932,Order,403-4174562-5144338,CSG1,TupTap Puzzle Rainbow Counting Soft Rubber Fruit Classification Fun Pairing Children's Montessori Early Education Toys  Sorting  Gift for Toddlers Pre,1,amazon.in,Electronic Transactions (Credit Card/Net Banking/GC),Amazon,Bengaluru,KA,560092,722.9,0,0,0,36.15,0,0,-3.61,0,-85.09,-120.36,-30.68,0,519.31,Released,5 Mar 2026 2:09:03 pm UTC
25 Feb 2026 12:35:24 pm UTC,26681311032,Shipping Services,406-3739665-0917109,,Easy Ship weight handling fees,,Amazon.in,Cash On Delivery Transactions and Non-Transactional Fees,Merchant,,,,0,0,0,0,0,0,0,0,0,0,0,-71.98,0,-71.98,Released,4 Mar 2026 10:37:34 pm UTC
25 Feb 2026 12:50:59 pm UTC,26704712002,Order,406-3739665-0917109,CSG1H,TupTap Puzzle Rainbow Counting Soft Rubber Fruit Classification Fun Pairing Children's Montessori Early Education Toys  Sorting  Gift for Toddlers Pre,1,amazon.in,Cash On Delivery Transactions and Non-Transactional Fees,Merchant,Chaibasa,JHARKHAND,833201,760.95,0,0,0,38.05,0,0,-3.8,0,-89.57,0,-40.12,0,665.51,Released,11 Mar 2026 2:56:48 am UTC
26 Feb 2026 9:17:55 am UTC,26704787232,Shipping Services,408-7674242-4866706,,Easy Ship weight handling fees,,Amazon.in,Electronic Transactions (Credit Card/Net Banking/GC),Merchant,,,,0,0,0,0,0,0,0,0,0,0,0,-76.7,0,-76.7,Released,10 Mar 2026 10:00:56 pm UTC
26 Feb 2026 9:34:29 am UTC,26704787232,Order,408-7674242-4866706,CSG1H,TupTap Puzzle Rainbow Counting Soft Rubber Fruit Classification Fun Pairing Children's Montessori Early Education Toys  Sorting  Gift for Toddlers Pre,1,amazon.in,Electronic Transactions (Credit Card/Net Banking/GC),Merchant,CHANDIGARH,CHANDIGARH,160047,856.19,0,0,0,42.81,0,0,-4.28,0,-100.78,0,-40.12,0,753.82,Released,9 Mar 2026 8:52:10 pm UTC
26 Feb 2026 9:55:41 am UTC,26688151922,Order,171-8246404-1489153,CSG1,TupTap Puzzle Rainbow Counting Soft Rubber Fruit Classification Fun Pairing Children's Montessori Early Education Toys  Sorting  Gift for Toddlers Pre,1,amazon.in,Cash On Delivery Transactions and Non-Transactional Fees,Amazon,PATNA,BIHAR,800006,856.19,38.1,0,-38.1,42.81,0,0,-4.28,0,-100.78,-83.78,-30.68,0,679.48,Released,8 Mar 2026 5:24:24 am UTC
26 Feb 2026 8:41:43 pm UTC,26691968092,Order,407-4315198-4115556,HBM-125,TupTap Human Body Structure Model 3D Puzzles  for 6+Year Old Kids  DIY Educational Science Project | Removable Organs Bones STEM  29 Piece Anatomy Fig,8,amazon.in,Electronic Transactions (Credit Card/Net Banking/GC),Amazon,SITAMARHI,BIHAR,843302,4914.56,304.8,0,-452.25,238.4,0,0,-23.84,0,-502.02,-337.48,-245.44,0,3896.73,Released,8 Mar 2026 6:03:21 am UTC
27 Feb 2026 6:00:51 pm UTC,26691968092,Order,408-2023206-8482739,CSG1,TupTap Puzzle Rainbow Counting Soft Rubber Fruit Classification Fun Pairing Children's Montessori Early Education Toys  Sorting  Gift for Toddlers Pre,1,amazon.in,Electronic Transactions (Credit Card/Net Banking/GC),Amazon,KOLKATA,WEST BENGAL,700028,856.2,0,28.58,0,44.22,-2.21,-2.21,0,0,-100.78,-113.78,-30.68,0,679.34,Released,7 Mar 2026 5:41:34 am UTC
27 Feb 2026 8:31:45 pm UTC,26646080472,Transfer,,,To account ending with: 651,,,Cash On Delivery Transactions and Non-Transactional Fees,,,,,0,0,0,0,0,0,0,0,0,0,0,0,-411.81,-411.81,Released,27 Feb 2026 8:31:45 pm UTC
28 Feb 2026 10:17:26 am UTC,26748759152,Shipping Services,407-7459176-7057965,,Easy Ship weight handling fees,,Amazon.in,Electronic Transactions (Credit Card/Net Banking/GC),Merchant,,,,0,0,0,0,0,0,0,0,0,0,0,-76.7,0,-76.7,Released,14 Mar 2026 9:08:00 pm UTC
28 Feb 2026 10:33:14 am UTC,26704787232,Order,407-7459176-7057965,CSG1H,TupTap Puzzle Rainbow Counting Soft Rubber Fruit Classification Fun Pairing Children's Montessori Early Education Toys  Sorting  Gift for Toddlers Pre,1,amazon.in,Electronic Transactions (Credit Card/Net Banking/GC),Merchant,AHMEDABAD,GUJARAT,382470,856.19,0,0,-17.12,41.95,0,0,-4.2,0,-98.77,0,-40.12,0,737.93,Released,12 Mar 2026 5:57:06 am UTC
1 Mar 2026 5:37:28 am UTC,26704787232,Order,407-1085617-4257946,HBM-125,TupTap Human Body Structure Model 3D Puzzles  for 6+Year Old Kids  DIY Educational Science Project | Removable Organs Bones STEM  29 Piece Anatomy Fig,1,amazon.in,Electronic Transactions (Credit Card/Net Banking/GC),Amazon,SULTANPUR,UTTAR PRADESH,230401,614.32,38.1,0,-56.53,29.8,0,0,-2.98,0,-502.02,-42.19,-245.44,0,-166.94,Released,12 Mar 2026 7:21:53 am UTC
1 Mar 2026 5:37:28 am UTC,26704787232,Order,407-1085617-4257946,HBM-125,TupTap Human Body Structure Model 3D Puzzles  for 6+Year Old Kids  DIY Educational Science Project | Removable Organs Bones STEM  29 Piece Anatomy Fig,1,amazon.in,Electronic Transactions (Credit Card/Net Banking/GC),Amazon,SULTANPUR,UTTAR PRADESH,230401,614.32,38.1,0,-56.53,29.8,0,0,-2.98,0,0,-42.19,0,0,580.52,Released,12 Mar 2026 7:21:53 am UTC
1 Mar 2026 5:37:28 am UTC,26704787232,Order,407-1085617-4257946,HBM-125,TupTap Human Body Structure Model 3D Puzzles  for 6+Year Old Kids  DIY Educational Science Project | Removable Organs Bones STEM  29 Piece Anatomy Fig,1,amazon.in,Electronic Transactions (Credit Card/Net Banking/GC),Amazon,SULTANPUR,UTTAR PRADESH,230401,614.32,38.1,0,-56.53,29.8,0,0,-2.98,0,0,-42.19,0,0,580.52,Released,12 Mar 2026 7:21:53 am UTC
1 Mar 2026 5:37:28 am UTC,26704787232,Order,407-1085617-4257946,HBM-125,TupTap Human Body Structure Model 3D Puzzles  for 6+Year Old Kids  DIY Educational Science Project | Removable Organs Bones STEM  29 Piece Anatomy Fig,5,amazon.in,Electronic Transactions (Credit Card/Net Banking/GC),Amazon,SULTANPUR,UTTAR PRADESH,230401,3071.6,190.5,0,-282.66,149,0,0,-14.9,0,0,-210.93,0,0,2902.61,Released,12 Mar 2026 7:21:53 am UTC
1 Mar 2026 7:00:07 am UTC,26716397512,Shipping Services,406-2172738-9583500,,Easy Ship weight handling fees,,Amazon.in,Electronic Transactions (Credit Card/Net Banking/GC),Merchant,,,,0,0,0,0,0,0,0,0,0,0,0,-71.98,0,-71.98,Released,13 Mar 2026 11:22:44 pm UTC
1 Mar 2026 7:15:08 am UTC,26716397512,Order,406-2172738-9583500,CSG1H,TupTap Puzzle Rainbow Counting Soft Rubber Fruit Classification Fun Pairing Children's Montessori Early Education Toys  Sorting  Gift for Toddlers Pre,1,amazon.in,Electronic Transactions (Credit Card/Net Banking/GC),Merchant,Madurai,TAMIL NADU,625107,856.19,0,0,0,42.81,0,0,-4.28,0,-100.78,0,-40.12,0,753.82,Released,13 Mar 2026 8:02:08 am UTC
1 Mar 2026 9:26:47 pm UTC,26632589232,Service Fee,,,Cost of Advertising,,,Electronic Transactions (Credit Card/Net Banking/GC),,,,,0,0,0,0,0,0,0,0,0,0,0,-1763.4,-317.41,-2080.81,Released,1 Mar 2026 9:26:47 pm UTC
1 Mar 2026 9:38:22 pm UTC,26632589232,Transfer,,,To account ending with: 651,,,Electronic Transactions (Credit Card/Net Banking/GC),,,,,0,0,0,0,0,0,0,0,0,0,0,0,-1545.06,-1545.06,Released,1 Mar 2026 9:38:22 pm UTC
1 Mar 2026 10:59:19 pm UTC,26688151922,Fulfilment Fee Refund,408-6959230-5415524,,Fulfillment Fee Refund,,Amazon.in,Cash On Delivery Transactions and Non-Transactional Fees,,,,,0,0,0,0,0,0,0,0,0,0,120.36,0,0,120.36,Released,7 Mar 2026 9:05:31 pm UTC
1 Mar 2026 11:14:05 pm UTC,26688151922,Refund,408-6959230-5415524,APK01,TupTap Cotton Air Pillow Pack of 2 PCs Khakhi Color with air Pump | Travelling Pillow for Train  Flight and Bus | Beach & Poolside,1,amazon.in,Cash On Delivery Transactions and Non-Transactional Fees,Amazon,GWALIOR,MADHYA PRADESH,474001,-475.24,-38.1,0,38.1,-23.76,0,0,2.38,0,29.44,0,15.34,0,-451.84,Released,7 Mar 2026 2:59:48 pm UTC
2 Mar 2026 10:09:25 am UTC,26704787232,Order,403-8636115-1806716,CSG1,TupTap Puzzle Rainbow Counting Soft Rubber Fruit Classification Fun Pairing Children's Montessori Early Education Toys  Sorting  Gift for Toddlers Pre,1,amazon.in,Electronic Transactions (Credit Card/Net Banking/GC),Amazon,kolkata,WEST BENGAL,700002,856.2,0,0,0,42.8,-2.14,-2.14,0,0,-100.78,-83.78,-30.68,0,679.48,Released,10 Mar 2026 3:58:08 am UTC
3 Mar 2026 3:52:11 am UTC,26663389552,Transfer,,,To account ending with: 651,,,Cash On Delivery Transactions and Non-Transactional Fees,,,,,0,0,0,0,0,0,0,0,0,0,0,0,-511.09,-511.09,Released,3 Mar 2026 3:52:11 am UTC
3 Mar 2026 8:48:13 am UTC,26716397512,Order,407-4055177-0334767,HBM-125,TupTap Human Body Structure Model 3D Puzzles  for 6+Year Old Kids  DIY Educational Science Project | Removable Organs Bones STEM  29 Piece Anatomy Fig,5,amazon.in,Electronic Transactions (Credit Card/Net Banking/GC),Amazon,HAJIPUR,BIHAR,844103,3071.6,190.5,0,-282.65,149,0,0,-14.9,0,-627.52,-204.14,-306.8,0,1975.09,Released,13 Mar 2026 7:11:31 am UTC
3 Mar 2026 8:48:13 am UTC,26716397512,Order,407-4055177-0334767,HBM-125,TupTap Human Body Structure Model 3D Puzzles  for 6+Year Old Kids  DIY Educational Science Project | Removable Organs Bones STEM  29 Piece Anatomy Fig,5,amazon.in,Electronic Transactions (Credit Card/Net Banking/GC),Amazon,HAJIPUR,BIHAR,844103,3071.6,190.5,0,-282.66,149,0,0,-14.9,0,0,-204.14,0,0,2909.4,Released,13 Mar 2026 7:11:31 am UTC
4 Mar 2026 6:16:33 am UTC,26681311032,Transfer,,,To account ending with: 651,,,Cash On Delivery Transactions and Non-Transactional Fees,,,,,0,0,0,0,0,0,0,0,0,0,0,0,-554.59,-554.59,Released,4 Mar 2026 6:16:33 am UTC
4 Mar 2026 2:51:53 pm UTC,26674646932,Refund,404-6690382-5998769,APK01,TupTap Cotton Air Pillow Pack of 2 PCs Khakhi Color with air Pump | Travelling Pillow for Train  Flight and Bus | Beach & Poolside,1,amazon.in,Electronic Transactions (Credit Card/Net Banking/GC),Amazon,Kolkata,WEST BENGAL,700061,-475.24,0,0,0,-23.76,1.19,1.19,0,0,-53.16,0,0,0,-549.78,Released,4 Mar 2026 2:51:53 pm UTC
5 Mar 2026 12:48:09 am UTC,26674646932,Transfer,,,To account ending with: 651,,,Electronic Transactions (Credit Card/Net Banking/GC),,,,,0,0,0,0,0,0,0,0,0,0,0,0,-757.94,-757.94,Released,5 Mar 2026 12:48:09 am UTC
5 Mar 2026 10:39:43 am UTC,26715930282,Order,408-0722796-4281940,CSG1,TupTap Puzzle Rainbow Counting Soft Rubber Fruit Classification Fun Pairing Children's Montessori Early Education Toys  Sorting  Gift for Toddlers Pre,1,amazon.in,Cash On Delivery Transactions and Non-Transactional Fees,Amazon,CHENNAI,TAMIL NADU,600102,856.19,0,0,-17.12,41.95,0,0,-4.2,0,-98.77,-120.36,-30.68,0,627.01,Released,16 Mar 2026 8:21:45 pm UTC
5 Mar 2026 10:37:53 pm UTC,26748759152,Order,404-1478945-5331562,CSG1,TupTap Puzzle Rainbow Counting Soft Rubber Fruit Classification Fun Pairing Children's Montessori Early Education Toys  Sorting  Gift for Toddlers Pre,1,amazon.in,Electronic Transactions (Credit Card/Net Banking/GC),Amazon,Mumbai,MAHARASHTRA,400080,856.19,0,0,0,42.81,0,0,-4.28,0,-100.78,-120.36,-30.68,0,642.9,Released,17 Mar 2026 7:12:45 pm UTC
6 Mar 2026 11:01:10 am UTC,26715930282,Order,404-4238419-2007561,APK01,TupTap Cotton Air Pillow Pack of 2 PCs Khakhi Color with air Pump | Travelling Pillow for Train  Flight and Bus | Beach & Poolside,1,amazon.in,Cash On Delivery Transactions and Non-Transactional Fees,Amazon,Bengaluru,KARNATAKA,560097,475.24,0,0,0,23.76,0,0,-2.38,0,-29.44,-120.36,-15.34,0,331.48,Released,17 Mar 2026 6:19:10 pm UTC
6 Mar 2026 2:54:06 pm UTC,26761507672,Order,403-3845239-6213938,CSG1,TupTap Puzzle Rainbow Counting Soft Rubber Fruit Classification Fun Pairing Children's Montessori Early Education Toys  Sorting  Gift for Toddlers Pre,1,amazon.in,Cash On Delivery Transactions and Non-Transactional Fees,Amazon,ROHTAK,HARYANA,124001,856.19,38.1,0,-38.1,42.81,0,0,-4.28,0,-100.78,-120.36,-30.68,0,642.9,Released,18 Mar 2026 8:29:49 pm UTC
6 Mar 2026 11:44:18 pm UTC,26691968092,Transfer,,,To account ending with: 651,,,Electronic Transactions (Credit Card/Net Banking/GC),,,,,0,0,0,0,0,0,0,0,0,0,0,0,-560.7,-560.7,Released,6 Mar 2026 11:44:18 pm UTC
6 Mar 2026 11:48:41 pm UTC,26688151922,Transfer,,,To account ending with: 651,,,Cash On Delivery Transactions and Non-Transactional Fees,,,,,0,0,0,0,0,0,0,0,0,0,0,0,-482.61,-482.61,Released,6 Mar 2026 11:48:41 pm UTC
7 Mar 2026 1:26:40 am UTC,26688151922,FBA Inventory Fee,,,FBA storage fee,,Amazon.in,Cash On Delivery Transactions and Non-Transactional Fees,,,,,0,0,0,0,0,0,0,0,0,0,0,0,-529.91,-529.91,Released,7 Mar 2026 1:26:40 am UTC
7 Mar 2026 5:23:49 am UTC,26748759152,Order,406-2588643-8396309,APK01,TupTap Cotton Air Pillow Pack of 2 PCs Khakhi Color with air Pump | Travelling Pillow for Train  Flight and Bus | Beach & Poolside,1,amazon.in,Electronic Transactions (Credit Card/Net Banking/GC),Amazon,CHENNAI,TAMIL NADU,600100,427.62,0,0,0,21.38,0,0,-2.14,0,-26.49,-120.36,-15.34,0,284.67,Released,15 Mar 2026 9:24:27 pm UTC
7 Mar 2026 6:26:42 am UTC,26748759152,Order,171-4832504-7528361,CSG1,TupTap Puzzle Rainbow Counting Soft Rubber Fruit Classification Fun Pairing Children's Montessori Early Education Toys  Sorting  Gift for Toddlers Pre,1,amazon.in,Electronic Transactions (Credit Card/Net Banking/GC),Amazon,GURUGRAM,HARYANA,122505,789.52,38.1,0,-38.1,39.48,0,0,-3.95,0,-92.94,-120.36,-30.68,0,581.07,Released,18 Mar 2026 7:27:25 am UTC
7 Mar 2026 9:14:39 am UTC,26688151922,Adjustment,404-6690382-5998769,APK01,FBA Inventory Reimbursement - Customer Return,1,,Cash On Delivery Transactions and Non-Transactional Fees,,,,,0,0,0,0,0,0,0,0,0,0,0,0,27.48,27.48,Released,7 Mar 2026 9:14:39 am UTC
7 Mar 2026 12:13:59 pm UTC,26704712002,Refund,406-3739665-0917109,CSG1H,TupTap Puzzle Rainbow Counting Soft Rubber Fruit Classification Fun Pairing Children's Montessori Early Education Toys  Sorting  Gift for Toddlers Pre,1,amazon.in,Cash On Delivery Transactions and Non-Transactional Fees,Merchant,Chaibasa,JHARKHAND,833201,-760.95,0,0,0,-38.05,0,0,3.8,0,-22.53,0,0,0,-817.73,Released,11 Mar 2026 2:40:34 am UTC
8 Mar 2026 9:10:40 am UTC,26715930282,Order,407-4687355-0192309,KB0625,TupTap Wall Mounted ABS Key Lock Box for Indoor & Outdoor | Hide Keys with Combination Lock |Key Safe Box,1,amazon.in,Cash On Delivery Transactions and Non-Transactional Fees,Amazon,PUNE,MAHARASHTRA,411040,422.88,0,0,0,76.12,0,0,-2.11,0,-79.5,-96.76,-24.78,0,295.85,Released,16 Mar 2026 9:59:36 pm UTC
8 Mar 2026 8:52:37 pm UTC,26786036632,Order,402-9249062-4363534,APK01,TupTap Cotton Air Pillow Pack of 2 PCs Khakhi Color with air Pump | Travelling Pillow for Train  Flight and Bus | Beach & Poolside,1,amazon.in,Cash On Delivery Transactions and Non-Transactional Fees,Amazon,AMMAPETTAI THANJAVUR DISTRICT,TAMIL NADU,614401,427.62,38.1,0,0,23.28,0,0,-2.33,0,-26.49,-160.36,-15.34,0,284.48,Released,21 Mar 2026 6:38:27 pm UTC
9 Mar 2026 5:41:55 am UTC,26704712002,Transfer,,,To account ending with: 651,,,Cash On Delivery Transactions and Non-Transactional Fees,,,,,0,0,0,0,0,0,0,0,0,0,0,0,-731.64,-731.64,Released,9 Mar 2026 5:41:55 am UTC
9 Mar 2026 5:42:48 am UTC,26704787232,Transfer,,,To account ending with: 651,,,Electronic Transactions (Credit Card/Net Banking/GC),,,,,0,0,0,0,0,0,0,0,0,0,0,0,-6893.08,-6893.08,Released,9 Mar 2026 5:42:48 am UTC
9 Mar 2026 6:31:52 am UTC,26779235552,Order,403-3794087-0679542,CSG1,TupTap Puzzle Rainbow Counting Soft Rubber Fruit Classification Fun Pairing Children's Montessori Early Education Toys  Sorting  Gift for Toddlers Pre,1,amazon.in,Cash On Delivery Transactions and Non-Transactional Fees,Amazon,DIBRUGARH,ASSAM,786102,856.19,0,0,0,42.81,0,0,-4.28,0,-100.78,-83.78,-30.68,0,679.48,Released,19 Mar 2026 8:50:39 pm UTC
9 Mar 2026 12:41:39 pm UTC,26757873582,Order,402-4974306-4281149,CSG1,TupTap Puzzle Rainbow Counting Soft Rubber Fruit Classification Fun Pairing Children's Montessori Early Education Toys  Sorting  Gift for Toddlers Pre,1,amazon.in,Electronic Transactions (Credit Card/Net Banking/GC),Amazon,THRISSUR,KERALA,680612,856.19,0,0,0,42.81,0,0,-4.28,0,-100.78,-120.36,-30.68,0,642.9,Released,21 Mar 2026 11:41:20 pm UTC
9 Mar 2026 6:54:03 pm UTC,26704787232,Service Fee,,,Cost of Advertising,,,Electronic Transactions (Credit Card/Net Banking/GC),,,,,0,0,0,0,0,0,0,0,0,0,0,-2003.29,-360.59,-2363.88,Released,9 Mar 2026 6:54:03 pm UTC
10 Mar 2026 9:09:55 pm UTC,26786036692,Order,171-4933166-5759501,CSG1,TupTap Puzzle Rainbow Counting Soft Rubber Fruit Classification Fun Pairing Children's Montessori Early Education Toys  Sorting  Gift for Toddlers Pre,1,amazon.in,Electronic Transactions (Credit Card/Net Banking/GC),Amazon,THANE,MAHARASHTRA,400607,856.19,0,0,-17.12,41.95,0,0,-4.2,0,-98.77,-120.36,-30.68,0,627.01,Released,23 Mar 2026 12:09:00 am UTC
10 Mar 2026 11:30:17 pm UTC,26757873582,Order,404-9490091-2269162,HBM-125,TupTap Human Body Structure Model 3D Puzzles  for 6+Year Old Kids  DIY Educational Science Project | Removable Organs Bones STEM  29 Piece Anatomy Fig,1,amazon.in,Electronic Transactions (Credit Card/Net Banking/GC),Amazon,West Delhi,DELHI,110043,570.48,0,0,-17.11,27.66,0,0,-2.77,0,-291.4,-64.9,-153.4,0,68.56,Released,22 Mar 2026 3:59:49 am UTC
10 Mar 2026 11:30:17 pm UTC,26757873582,Order,404-9490091-2269162,HBM-125,TupTap Human Body Structure Model 3D Puzzles  for 6+Year Old Kids  DIY Educational Science Project | Removable Organs Bones STEM  29 Piece Anatomy Fig,4,amazon.in,Electronic Transactions (Credit Card/Net Banking/GC),Amazon,West Delhi,DELHI,110043,2281.92,0,0,-68.44,110.64,0,0,-11.08,0,0,-259.6,0,0,2053.44,Released,22 Mar 2026 3:59:49 am UTC
11 Mar 2026 10:12:55 am UTC,26786036692,Shipping Services,407-6479567-3240337,,Easy Ship weight handling fees,,Amazon.in,Electronic Transactions (Credit Card/Net Banking/GC),Merchant,,,,0,0,0,0,0,0,0,0,0,0,0,-391.76,0,-391.76,Released,22 Mar 2026 11:38:19 pm UTC
11 Mar 2026 10:28:49 am UTC,26786036692,Order,407-6479567-3240337,7Q-SH3C-785S,TupTap Human Body Structure Model 3D Puzzles  for 6+Year Old Kids  DIY Educational Science Project | Removable Organs Bones STEM  29 Piece Anatomy Fig,10,amazon.in,Electronic Transactions (Credit Card/Net Banking/GC),Merchant,HYDERABAD,TELANGANA,500072,6904.8,0,0,-207.1,334.8,0,0,-33.5,0,-705.4,0,-401.2,0,5892.4,Released,22 Mar 2026 11:10:24 pm UTC
11 Mar 2026 10:32:05 pm UTC,26786036692,Order,403-6874360-1869160,CSG1,TupTap Puzzle Rainbow Counting Soft Rubber Fruit Classification Fun Pairing Children's Montessori Early Education Toys  Sorting  Gift for Toddlers Pre,1,amazon.in,Electronic Transactions (Credit Card/Net Banking/GC),Amazon,MUMBAI,MAHARASHTRA,400056,856.19,38.1,0,-38.1,42.81,0,0,-4.28,0,-100.78,-120.36,-30.68,0,642.9,Released,24 Mar 2026 9:27:13 pm UTC
11 Mar 2026 10:52:29 pm UTC,26786036692,Order,408-4366462-9716306,CSG1,TupTap Puzzle Rainbow Counting Soft Rubber Fruit Classification Fun Pairing Children's Montessori Early Education Toys  Sorting  Gift for Toddlers Pre,1,amazon.in,Electronic Transactions (Credit Card/Net Banking/GC),Amazon,THANE,MAHARASHTRA,400610,856.19,0,0,-17.12,41.95,0,0,-4.2,0,-98.77,-120.36,-30.68,0,627.01,Released,23 Mar 2026 8:33:28 pm UTC
12 Mar 2026 7:26:00 am UTC,26786036692,Shipping Services,404-7771410-2102704,,Easy Ship weight handling fees,,Amazon.in,Electronic Transactions (Credit Card/Net Banking/GC),Merchant,,,,0,0,0,0,0,0,0,0,0,0,0,-76.7,0,-76.7,Released,23 Mar 2026 9:19:26 pm UTC
12 Mar 2026 7:41:40 am UTC,26786036692,Order,404-7771410-2102704,CSG1H,TupTap Puzzle Rainbow Counting Soft Rubber Fruit Classification Fun Pairing Children's Montessori Early Education Toys  Sorting  Gift for Toddlers Pre,1,amazon.in,Electronic Transactions (Credit Card/Net Banking/GC),Merchant,Varanasi,UTTAR PRADESH,221010,856.19,0,0,0,42.81,0,0,-4.28,0,-100.78,0,-40.12,0,753.82,Released,23 Mar 2026 5:56:46 am UTC
13 Mar 2026 10:39:56 am UTC,26704712002,FBA Inventory Fee,Xq38dl9390,,FBA Removal Order: Return Fee,,Amazon.in,Cash On Delivery Transactions and Non-Transactional Fees,,,,,0,0,0,0,0,0,0,0,0,0,0,0,-11.8,-11.8,Released,13 Mar 2026 10:39:56 am UTC
13 Mar 2026 9:32:41 pm UTC,26786036632,Order,404-6063806-4742759,CSG1,TupTap Puzzle Rainbow Counting Soft Rubber Fruit Classification Fun Pairing Children's Montessori Early Education Toys  Sorting  Gift for Toddlers Pre,1,amazon.in,Cash On Delivery Transactions and Non-Transactional Fees,Amazon,RANCHI,JHARKHAND,834003,856.19,38.1,0,-38.1,42.81,0,0,-4.28,0,-100.78,-83.78,-30.68,0,679.48,Released,23 Mar 2026 8:15:49 pm UTC
13 Mar 2026 9:50:32 pm UTC,26716397512,Transfer,,,To account ending with: 651,,,Electronic Transactions (Credit Card/Net Banking/GC),,,,,0,0,0,0,0,0,0,0,0,0,0,0,-3550.66,-3550.66,Released,13 Mar 2026 9:50:32 pm UTC
14 Mar 2026 12:45:19 pm UTC,26786036632,Fulfilment Fee Refund,402-9249062-4363534,,Fulfillment Fee Refund,,Amazon.in,Cash On Delivery Transactions and Non-Transactional Fees,,,,,0,0,0,0,0,0,0,0,0,0,120.36,0,0,120.36,Released,21 Mar 2026 10:55:58 pm UTC
14 Mar 2026 1:00:30 pm UTC,26786036632,Refund,402-9249062-4363534,APK01,TupTap Cotton Air Pillow Pack of 2 PCs Khakhi Color with air Pump | Travelling Pillow for Train  Flight and Bus | Beach & Poolside,1,amazon.in,Cash On Delivery Transactions and Non-Transactional Fees,Amazon,AMMAPETTAI THANJAVUR DISTRICT,TAMIL NADU,614401,-427.62,-38.1,0,0,-23.28,0,0,2.33,0,26.49,40,15.34,0,-404.84,Released,21 Mar 2026 8:56:49 pm UTC
14 Mar 2026 2:20:02 pm UTC,26748759152,Refund,406-2588643-8396309,APK01,TupTap Cotton Air Pillow Pack of 2 PCs Khakhi Color with air Pump | Travelling Pillow for Train  Flight and Bus | Beach & Poolside,1,amazon.in,Electronic Transactions (Credit Card/Net Banking/GC),Amazon,CHENNAI,TAMIL NADU,600100,-427.62,0,0,0,-21.38,0,0,2.14,0,-56.11,0,0,0,-502.97,Released,15 Mar 2026 6:20:58 pm UTC
14 Mar 2026 4:32:01 pm UTC,26823286272,Order,405-0661501-5108367,CSG1,TupTap Puzzle Rainbow Counting Soft Rubber Fruit Classification Fun Pairing Children's Montessori Early Education Toys  Sorting  Gift for Toddlers Pre,1,amazon.in,Electronic Transactions (Credit Card/Net Banking/GC),Amazon,SEONI,MADHYA PRADESH,480661,789.52,0,0,-15.79,38.69,0,0,-3.87,0,-91.07,-120.36,-30.68,0,566.44,Released,28 Mar 2026 6:17:52 am UTC
15 Mar 2026 8:32:30 am UTC,26748759152,Transfer,,,To account ending with: 651,,,Electronic Transactions (Credit Card/Net Banking/GC),,,,,0,0,0,0,0,0,0,0,0,0,0,0,-5566.33,-5566.33,Released,15 Mar 2026 8:32:30 am UTC
